experiment,method,n,radius_km,median_s,min_s,max_s,note
degree,sklearn,99907,1,0.9821777129545808,0.981017236947082,0.992522143991664,
degree,sklearn,99907,5,1.3164442590204999,1.3104456400033087,1.3390562740387395,
degree,sklearn,99907,10,1.6722025559283793,1.62591749697458,1.7127016759477556,
degree,sklearn,99907,25,2.2497409660136327,2.2256309969816357,2.255446237977594,
degree,sklearn,99907,50,2.8570727939950302,2.852248615003191,2.8734008229803294,
degree,sklearn,99907,100,3.3651028320891783,3.32763540209271,3.47590198693797,
degree,sklearn,99907,250,3.4266553049674258,3.3887853618944064,3.627898816950619,
degree,table_fn,99907,1,0.116,0.109,0.12,
degree,table_fn,99907,5,0.139,0.132,0.159,
degree,table_fn,99907,10,0.16,0.157,0.169,
degree,table_fn,99907,25,0.225,0.222,0.235,
degree,table_fn,99907,50,0.278,0.268,0.295,
degree,table_fn,99907,100,0.331,0.29,0.335,
degree,table_fn,99907,250,0.343,0.316,0.363,
degree,index,99907,1,0.077,0.075,0.089,
degree,index,99907,5,0.102,0.096,0.112,
degree,index,99907,10,0.13,0.124,0.132,
degree,index,99907,25,0.19,0.178,0.208,
degree,index,99907,50,0.253,0.235,0.258,
degree,index,99907,100,0.272,0.264,0.317,
degree,index,99907,250,0.366,0.302,0.391,
point,sklearn,10000,5,4.69334505032748e-05,4.6222290256991984e-05,4.8131790244951843e-05,
point,index,10000,5,8e-05,8e-05,0.0001,
point,scan,10000,5,0.00026,0.00026,0.00027,
point,table_fn,10000,5,0.0026666666666666666,0.0023333333333333335,0.0026666666666666666,
point,sklearn,99907,5,8.524425909854472e-05,8.411089074797929e-05,9.376225061714649e-05,
point,index,99907,5,0.00010999999999999999,0.0001,0.00014000000000000001,
point,scan,99907,5,0.00082,0.00075,0.00094,
point,table_fn,99907,5,0.03333333333333333,0.03266666666666667,0.035666666666666666,
point,sklearn,1000000,5,0.0004703959997277707,0.00046258221031166615,0.00049730438971892,
point,index,1000000,5,0.00029,0.00028000000000000003,0.00035999999999999997,
point,scan,1000000,5,0.00707,0.005520000000000001,0.00736,
point,table_fn,1000000,5,0.42533333333333334,0.4103333333333334,0.4713333333333333,
lifecycle,create,1000000,,0.521,0.507,0.531,CREATE INDEX (build + write to file)
lifecycle,reload,1000000,,0.072,0.065,0.078,reload from file
lifecycle,query,1000000,,0.001,0.001,0.001,query on a fresh index
lifecycle,fold_1,1000000,,0.388,0.385,0.407,first query after 1 insert(s)
lifecycle,fold_1000,1000000,,0.404,0.4,0.414,first query after 1000 insert(s)
lifecycle,fold_100000,1000000,,0.412,0.412,0.429,first query after 100000 insert(s)
